Time,IBV,PETRO,BANESPA,CEMIG
1995-01-03,4319,8780295,7.438023,12.42193
1995-01-04, 4097.9,8278564,6.423747,11.45399
1995-01-05, 3967.9,7944077,5.747563,11.45238
1995-01-06, 4036.6,8027698,6.085655,11.93796
1995-01-07, 3827.3,7400534,4.868524,11.61531
1995-01-08, 3627.8, 7191.48,4.496623,11.61531
1995-01-09,3270,6438883, 3.78663,10.32472
1995-01-10, 3499.1,6606127, 3.78663,11212
1995-01-11, 3840.6,7442345,4.800906,12.74458
1995-01-12, 4103.8,8278564,5.274235,13.71252
1995-01-13, 4056.4,8069509,4.936143,13.71252
1995-01-14, 4209.7,8278564,5.247187,13.87385
1995-01-15, 4078.5,8027698,5.138998, 13.5512
1995-01-16, 3809.3,7400534,4.733288,12.74458
1995-01-17, 3862.3,7609589,4.429005,12.58326
1995-01-18, 3758.4, 7191.48,4.733288,12.26061
1995-01-19, 3840.2,7358724,4.800906,12.66392
1995-01-20, 3840.2,7358724,4.800906,12.66392
1995-01-21, 3926.8,7902266,4.841477,12.66392
1995-01-22, 3784.3,7609589,4.800906,12.09929
1995-01-23, 3580.7,7066047,4.665669,11.37333
1995-01-24,3885,7693211,4.936143, 12.5026
1995-01-25, 3989.8,7944077,5.213378,12.74297
1995-01-26, 3897.8,7818644,4.936143,12.26061
1995-01-27, 3944.3, 8111.32,5.003761,12.42193
1995-01-28, 3829.8,7902266,4.936143,12.17833
1995-01-29, 3637.4,7525967,4.868524,11.77664
1995-01-30, 3556.2,7484156,4.868524,11.53465
1995-01-31, 3401.5,7107858,4.800906,10.97002
1995-02-01, 3307.7,7024236,4.773859,10.64737
1995-02-02, 3294.9,7358724,4.672431,10.48443
1995-02-03, 3192.2,7149669, 4.63186,10.00208
1995-02-04, 3069.4,6856992,4.259959,9.839139
1995-02-05, 2863.8,6564316,3.719012,9.597153
1995-02-06, 3023.2,6940614,3.921867,9.840752
1995-02-07, 2961.6,6773371,3.955676,9.921414
1995-02-08,2793,6273312,3.583775,9.598767
1995-02-09, 2872.3,6522505,3.448538,9.681042
1995-02-10, 3217.4,7358724,4.063865,10.40539
1995-02-11, 3270.8,7234127,4.131484,11.05068
1995-02-12, 3270.8,7234127,4.131484,11.05068
1995-02-13,2989,6606127, 3.78663,10.08274
1995-02-14,2988,6564316,3.685202,9.277732
1995-02-15, 2867.1,6271639,3.651393,8.224288
1995-02-16, 2615.7,5309988, 3.38092,7.420895
1995-02-17, 2363.3,4682824,3.178064,6.614276
1995-02-18, 2138.2,4264715,3.042828,6.452952
1995-02-19, 2686.1,5268177,3.414729,8.372706
1995-02-20, 2670.8,5059122,3.516156,8.227514
1995-02-21, 3016.9,5811719,3.428253,9.356781
1995-02-22, 2939.4,5603501,3.387681,9.034133
1995-02-23, 3141.7,6104396,3.482347,9.840752
1995-02-24, 2981.1,5978963,3.516156,9.840752
1995-02-25,2870,5477232, 3.38092,9.598767
1995-02-26, 3006.1,5686286, 3.38092, 10.2118
1995-02-27, 3003.9, 5561.69,3.245683,10.32472
1995-02-28, 3145.6, 5935.48,3.313301,11.05068
1995-03-01, 3361.2,6188018,3.759583,11.69598
1995-03-02, 3372.2,6071875,4.063865,11.61531
1995-03-03, 3255.7,5896243,4.158531,11.57734
1995-03-04, 3198.1,5728973,3.854248,11.24588
1995-03-05, 3125.5,5478069,3.806916, 11.1275
1995-03-06, 2978.9,5227165,3.583775,10.65399
1995-03-07, 2893.5,5018079,3.516156,10.41724
1995-03-08, 3125.1,5728973,3.583775,11.06832
1995-03-09, 3180.3,5728973,3.719012,11.30507
1995-03-10, 3254.5,5812608,3.921867,11.48264
1995-03-11, 3192.6,5603521,3.719012,11.24588
1995-03-12,3114,5352617,3.671679,10.83156
1995-03-13, 3017.7,5101714,3.516156,10.44683
1995-03-14, 3020.7,5185348,3.516156,10.71318
1995-03-15, 3113.1,5436252, 3.38092, 10.7191
1995-03-16, 3193.9,5561704,3.516156,10.77237
1995-03-17, 3330.6,5678793,3.583775, 11.1275
1995-03-18, 3384.2,5687156,3.691964,11.24588
1995-03-19, 3512.8,5979877,3.725773,11.71939
1995-03-20, 3699.1,6357906,3.921867,12.60723
1995-03-21, 3825.8,6690772,3.854248,13.31157
1995-03-22,3851, 7025.31,3.854248,13.02155
1995-03-23, 3813.7,7108945, 3.78663, 12.6605
1995-03-24, 3861.5,7276214,3.685202, 12.7256
1995-03-25, 3975.9,7527118,3.766344,13.02155
1995-03-26, 4043.9,7903474,3.793392, 13.2879
1995-03-27, 4008.2,7778022,3.773106,13.37668
1995-03-28, 3914.2,7527118,3.732535,13.19911
1995-03-29, 4065.4,7861657, 3.78663,13.43587
1995-03-30, 4050.4,7736205,3.854248,13.37668
1995-03-31,3951,7401666,3.854248,13.37668
1995-04-01, 3998.3,7568936,3.989485,13.43587
1995-04-02,3894, 7192.58,3.820439,13.37668
1995-04-03, 3835.1,6983493,3.732535,13.02155
1995-04-04, 3964.3,7359849,3.685202,13.08074
1995-04-05,4008, 7652.57, 3.78663,12.90317
1995-04-06,3950,7568936, 3.78663,12.54804
1995-04-07, 4033.7,7861657,3.685202,12.48885
1995-04-08, 4048.7,7861657,3.549966,12.42966
1995-04-09, 4099.5,7945292,3.516156,12.66641
1995-04-10, 4018.9, 7819.84,3.387681, 12.7256
1995-04-11, 3904.9, 7819.84,3.421491,12.60723
1995-04-12, 3896.3,7694388, 3.38092,12.60723
1995-04-13, 3706.8,7234397,3.549966,12.29944
1995-04-14, 3720.5,7108945,3.854248,12.37047
1995-04-15, 3773.5,7443484,3.617584,12.07453
1995-04-16, 3966.4,7903474,3.685202, 12.7256
1995-04-17, 4062.8,8238013,3.685202,13.02155
1995-04-18, 3933.2,7861657,3.651393, 12.7256
1995-04-19, 3808.1,7568936,3.556727,12.31128
1995-04-20, 3818.4,7569772, 3.71225, 12.1929
1995-04-21, 3670.6,7276214,3.651393, 11.6602
1995-04-22, 3704.7,7108945,3.719012,11.58918
1995-04-23, 3789.2,7150762, 3.78663,11.60102
1995-04-24,3665,6899858,3.719012, 11.1275
1995-04-25, 3717.8,6933312,3.698726, 11.1275
1995-04-26, 3696.1,6694117,3.698726,11.27548
1995-04-27, 3576.9, 6565.32,3.583775,10.80197
1995-04-28, 3631.6,6816224,3.435014,10.71318
1995-04-29, 3598.8,6648954,3.482347,10.71318
1995-04-30, 3585.6,6607137,3.516156,10.65399
1995-05-01,3537,6481685,3.441776,10.41724
1995-05-02, 3661.3,6690772,3.516156,10.86115
1995-05-03, 3715.4,6607137,3.516156,11.18669
1995-05-04,3678,6690772,3.516156,10.94994
1995-05-05, 3603.3,6523503,3.516156,10.65399
1995-05-06, 3594.3,6523503,3.522918,10.56521
1995-05-07, 3633.6, 6773.57,3.482347,10.64807
1995-05-08, 3700.3,6983493,3.516156,10.77237
1995-05-09, 3820.9,7292941,3.583775,11.36426
1995-05-10, 3961.7,7527118,3.854248,12.07453
1995-05-11, 3958.4, 7627.48, 3.78663,12.13371
1995-05-12, 3889.2,7527118,3.820439,11.77858
1995-05-13, 4026.4,7861657,4.726526,12.42966
1995-05-14, 4007.5,7694388,4.665669,12.31128
1995-05-15, 4026.8,7860821,4.530432,12.37047
1995-05-16, 4016.1,7736205,4.604813,12.16331
1995-05-17, 3919.1,7401666,4.530432,11.83777
1995-05-18, 3829.4,7150762,4.496623, 11.6602
1995-05-19,3939,7359849,4.868524,11.71939
1995-05-20, 3862.3,7231888,5.003761,11.89696
1995-05-21, 3899.6,7401666,5.308044,11.89696
1995-05-22, 3917.9,7359849,5.341853,11.98574
1995-05-23, 3878.8,7234397,5.017285,11.95615
1995-05-24, 3912.8,7276214,4.936143,12.00942
1995-05-25, 3888.3,7277051,5.071379,11.83777
1995-05-26, 3877.4,7276214,5.003761,11.71347
1995-05-27, 3870.8,7108945,5.003761, 11.6602
1995-05-28, 3918.4, 7192.58,5.308044,11.89696
1995-05-29, 4025.5,7443484,5.240425,12.13371
1995-05-30, 4200.3,7778022,5.172807,12.60723
1995-05-31, 4393.8,8112561,5.071379,13.31749
1995-06-01, 4310.7,7903474,5.017285, 13.2583
1995-06-02, 4279.7,7736205,4.902333,13.31749
1995-06-03,4337,7778022,4.902333,13.43587
1995-06-04,4193,7443484,4.665669,13.29974
1995-06-05, 4081.2,7234397,4.936143,12.78479
1995-06-06, 4156.3,7318032,4.915857,12.90317
1995-06-07, 4223.3,7483628,4.942905,13.13993
1995-06-08, 4229.1,7359849,4.915857,12.78479
1995-06-09, 4235.3,7276214,4.936143, 12.7256
1995-06-10, 4298.9,7527118,4.936143,12.84398
1995-06-11, 4305.5,7694388,4.733288,13.00971
1995-06-12, 4471.1,7945292,4.733288,13.31749
1995-06-13,4445,7778022,5.064618, 13.2583
1995-06-14, 4459.2,7903474,5.105189,13.31749
1995-06-15, 4514.9,8027253,5.206616,13.49506
1995-06-16, 4367.8,7669297,5.003761,12.96236
1995-06-17,4236,7527118,4.936143,12.45925
1995-06-18, 4310.5, 7652.57,4.800906, 12.7256
1995-06-19, 4449.9,7778022,4.936143,13.31749
1995-06-20, 4520.1,7903474,4.733288,13.31157
1995-06-21, 4563.1,7962018,5.003761,13.08074
1995-06-22,4550,7945292,5.003761,12.78479
1995-06-23, 4531.6,7861657,5.003761,12.78479
1995-06-24, 4638.6, 8028.09,4.740049,12.96236
1995-06-25, 4703.6,8112561,4.733288,12.84398
1995-06-26, 4737.3,8405282,4.800906,12.78479
1995-06-27, 4810.5,8948907,4.733288,13.19911
1995-06-28, 4801.8, 9115.34,4.733288,13.52465
1995-06-29, 4851.3,9283446,4.699478,13791
1995-06-30, 4861.2,9074359,4.591289,14.02184
1995-07-01, 4776.6,8906254,4.401957,13.73181
1995-07-02, 4693.5,8614369,4.327577,13.55425
1995-07-03, 4673.7,8530734,4.172055,13.37668
1995-07-04,4579,8447099,3.989485,12.90317
1995-07-05, 4543.9,8321647,3.820439, 12.7256
1995-07-06,4548, 8279.83,3.719012,12.54804
1995-07-07, 4566.6, 8279.83,4.124722,12.48885
1995-07-08, 4670.1,8447099,4.293768,12.60723
1995-07-09,4538,7945292,4.253197,12.13371
1995-07-10, 4504.2,8070744,4.124722,12.04493
1995-07-11, 4426.3,7945292,4.057104,12.10412
1995-07-12, 4498.6,8112561,4.090913,12.10412
1995-07-13, 4514.6,8112561,4.057104,12.40006
1995-07-14, 4456.6,7987109,3.820439, 12.4612
1995-07-15, 4409.5,7861657, 3.78663,12.63837
1995-07-16, 4500.6,7987109,3.719012,12.78602
1995-07-17, 4513.6,7903474,3.651393,12.93366
1995-07-18, 4549.6, 7819.84,3.448538,13.05178
1995-07-19, 4620.9,8114234,3.583775,13.22895
1995-07-20, 4601.7,8028926,3.725773,13.22895
1995-07-21,4585,7970382,3.651393,13.37659
1995-07-22, 4668.8,8070744,3.651393,13.87859
1995-07-23, 4563.9,7945292,3.685202,13.43565
1995-07-24, 4528.1,7736205, 3.63787,13.47109
1995-07-25, 4343.7,7401666,3.448538,13.08131
1995-07-26, 4060.2,6899858,3.360634,12.40214
1995-07-27, 4140.6, 7025.31,3.725773, 12.4612
1995-07-28,4069,6858041,4.057104,12.10685
1995-07-29, 4128.3,6942512,4.057104,12.16591
1995-07-30, 4099.8,6858041,3.989485,11.81747
1995-07-31, 4158.7,6941676,4.057104,12.22497
1995-08-01, 4094.3,6858041,4.077389,12.22497
1995-08-02, 4111.2,6816224,4.259959,12.04779
1995-08-03,4117,7024474,4.246435,12.22497
1995-08-04, 4112.9, 7025.31,3.921867,12.04779
1995-08-05, 3957.9,6689935,3.752821,11.51037
1995-08-06,3787,6439868,3.624346,10.98475
1995-08-07, 3797.3,6523503,3.583775,10.86664
1995-08-08, 4003.6,6766043,3.685202,11.81156
1995-08-09, 4063.5,6732589, 3.78663,11.98874
1995-08-10,3966, 6565.32,3.685202, 11.7525
1995-08-11, 4059.5,6482522, 3.34711,12.18953
1995-08-12, 4105.7,6439868,3.387681,12.40214
1995-08-13,4191,6774406,3.482347,12.63837
1995-08-14, 4081.6,6648954,3.414729,12.10685
1995-08-15, 4105.1,6607137,3.482347,12.10685
1995-08-16, 4049.8,6314416,3.577013,11.87062
1995-08-17, 4182.4,6439868,3.583775,12.16591
1995-08-18, 4378.5,6858041,3.752821,12.63837
1995-08-19, 4345.9,7108109,3.854248,12.57931
1995-08-20, 4334.1,7067128,3.854248,12.69152
1995-08-21,4281,6983493,3.854248,12.80964
1995-08-22, 4303.6,6899858, 3.78663,12.40214
1995-08-23, 4318.7, 7025.31,3.583775,12.52026
1995-08-24, 4299.2,6899858,3.549966,12.40214
1995-08-25, 4306.2,6941676,3.583775,12.28403
1995-08-26, 4365.6,7024474,3.583775,12.57931
1995-08-27, 4369.7,7033674,3.854248,12.80964
1995-08-28, 4183.3,6732589,3.719012,12.40214
1995-08-29, 4158.6,6690772,3.752821,12.40214
1995-08-30,4056,6648954,3.658155,12.10685
1995-08-31, 4034.9,6605464,3.685202,12.13638
1995-09-01, 4205.7,6899858,3.854248,12.81555
1995-09-02,4252,6858041,3.820439,12.81555
1995-09-03, 4343.2,7098909, 3.78663,12.93366
1995-09-04,4364,7067128,3.752821,12.96319
1995-09-05, 4346.2,7042037,3.651393,12.72696
1995-09-06,4299,6940839, 3.38092,12.69743
1995-09-07,4299,6940839, 3.38092,12.69743
1995-09-08,4390,7108945,3.407967,13.04587
1995-09-09, 4681.4,7778022,3.617584,13.64235
1995-09-10,4684,7903474,3.719012,13.76047
1995-09-11, 4694.3,8028926,3.719012, 13.5833
1995-09-12,4741,8112561,3.685202,13.64235
1995-09-13, 4653.8,8028926,3.644631,13.51833
1995-09-14, 4622.1,7903474,3.522918,13.46518
1995-09-15, 4748.6,8110052,3.752821,13.76047
1995-09-16, 4846.5,8447099,3.921867,13.93174
1995-09-17, 4895.4,8572551,3.854248,14.14435
1995-09-18, 4846.7,8406118,3.685202, 13.9967
1995-09-19, 4836.2,8363465,3.624346, 14.2034
1995-09-20, 4833.8, 8279.83,3.624346,14.23293
1995-09-21,4909,8363465,3.583775,14.35105
1995-09-22, 4893.8, 8279.83,3.583775,14.17388
1995-09-23, 4985.2,8321647,3.583775,14.26246
1995-09-24, 4945.2,8154378,3.651393,13.96717
1995-09-25, 4945.2,8154378,3.651393,13.96717
1995-09-26, 4907.7,7945292,3.651393,14.08529
1995-09-27, 4934.8,7945292,3.779868, 13.9967
1995-09-28, 5133.4,8363465,3.685202,14.10891
1995-09-29, 5151.5,8530734,3.685202,14.41011
1995-09-30, 5269.3,9032542,3.921867,14.94163
1995-10-01, 5410.9,9576167, 4.04358,15.76844
1995-10-02, 5332.9,9408898,3.955676,15.76844
1995-10-03,5354,9491696,4.016533,15.59126
1995-10-04,5283,9291809,3.989485,15.70938
1995-10-05, 5322.6,9325263,3.854248,16.35901
1995-10-06, 5305.4,9283446,3.685202,16.47713
1995-10-07, 5338.9,9449879,3.685202,16.53619
1995-10-08, 5385.5,9408898,3.691964,17.09724
1995-10-09, 5330.8, 9282.61,3.664917,16.83148
1995-10-10, 5273.7,9074359,3.651393,16.71336
1995-10-11, 5172.9,8865273,3.583775,15.94561
1995-10-12, 5172.9,8865273,3.583775,15.94561
1995-10-13, 5237.7,9157994,3.719012,15.91608
1995-10-14, 5274.3,9367081,3.719012,16.06373
1995-10-15, 5245.2, 9534.35,3.516156,16.06373
1995-10-16,5193,9533513,3.218636,15.94561
1995-10-17, 5199.2,9617148,3.516156, 15.9397
1995-10-18, 4957.7,9157994,3.279492,14.76445
1995-10-19, 5083.3,9325263,3.320063,15.41409
1995-10-20, 5152.6,9576167,3.448538,15.59126
1995-10-21, 5197.9,9910706,3.245683,15.76844
1995-10-22, 4975.3, 9534.35,3.313301,15.23692
1995-10-23, 4755.9,9283446,3.130732,14.23293
1995-10-24, 4721.9,9157994,3.245683,14.11482
1995-10-25, 4771.7,9197302,3.245683,14.35105
1995-10-26, 4739.4,9199811,3.144255,14.46916
1995-10-27, 4805.5,9367081,3.178064,14.82351
1995-10-28, 4841.2, 9534.35,3.211874,15.34913
1995-10-29, 4852.5,9699946,3.218636,15.35503
1995-10-30, 4886.9,9704128,3.184826,15.70938
1995-10-31, 4851.5, 9534.35,3.110446,15.47315
1995-11-01, 4868.3,9617148,3.110446,15.69757
1995-11-02, 4979.7,9617148,3.110446,16.29996
1995-11-03, 5051.2,9705127,3.103684, 16.6543
1995-11-04, 5031.6,9831472,2.975209, 16.2468
1995-11-05, 4981.7,9831472,2.900829,16.29996
1995-11-06, 5039.6,10039.82,2.907591,16.71336
1995-11-07, 4980.5,10040.65,2.745307,16.27633
1995-11-08, 4954.9,9873308,2.643879,16.35901
1995-11-09, 5009.2, 9956.98,2.704736,16.41807
1995-11-10, 4985.5,  9747.8,2.711498,16.35901
1995-11-11, 4977.5,9746963,2.670927,16.41807
1995-11-12, 4853.6,9536946,2.765592,15.94561
1995-11-13, 4866.4,9454111,2.806163,15.35503
1995-11-14, 4889.5,9413111,2.704736,15.41409
1995-11-15, 4885.1,9413111,2.569499,14.76445
1995-11-16, 5015.5,9580456,2.670927,15.05384
1995-11-17, 5022.3,9538619,2.616832,15.05974
1995-11-18, 4989.3,9622292,2.501881,14.82351
1995-11-19, 5003.9, 9704.29,2.501881,14.55775
1995-11-20,5002,9705127,2.501881,14.46916
1995-11-21, 5075.6,9831472,2.670927,14.52822
1995-11-22, 5079.6,9873308,2.299025,14.29199
1995-11-23, 5061.9,9789636,2.366644,14.23293
1995-11-24,5047,9622292,2.549213,14.05576
1995-11-25, 5121.8,9664128,2.704736,14.82351
1995-11-26, 5142.6,9664128,2.738545,15.14833
1995-11-27, 5149.3,9664128,2.738545,15.20739
1995-11-28, 5164.1,9664128,2.738545,15361
1995-11-29,5146,9789636,2.704736,15.67436
1995-11-30, 5101.4,  9747.8,2.630355,15.76038
1995-12-01,5153,9873308,2.704736,15.85255
1995-12-02, 5283.9,10165.32,2.704736,15.94471
1995-12-03, 5360.5,10166.16,2.670927,16.22121
1995-12-04, 5388.5,10500.85,2.670927,16.77421
1995-12-05, 5345.4,10625.52,2.670927,16.52843
1995-12-06, 5480.2, 10793.7,2.637117,16.58988
1995-12-07, 5428.1,10710.03,2.637117,16.55915
1995-12-08, 5448.3, 10752.7,2.873782,16.58988
1995-12-09, 5475.6, 10875.7,2.711498,16.46084
1995-12-10, 5560.3,10584.52,2.711498,16.65132
1995-12-11, 5655.6,10835.54, 2.68445,17.17359
1995-12-12, 5601.9,10541.85,2.576261,17.01998
1995-12-13, 5681.5,10542.68,2.697974,17.01998
1995-12-14, 5530.8,10291.67,2.603308,16.65132
1995-12-15, 5600.6,10292.51,2.569499,16.77421
1995-12-16, 5627.9,10375.34,2.522166,16.65132
1995-12-17, 5710.8,10457.34, 2.53569, 16.6206
1995-12-18, 5625.7,10208.83, 2.53569,16.15362
1995-12-19, 5687.7,10249.83,2.542452,16.03688
1995-12-20, 5727.9,10082.49,2.569499,16.25193
1995-12-21,5635,10166.16,2.569499,15.91399
1995-12-22, 5599.4,10166.16,2.468071,16.09832
1995-12-23, 5567.8,9998816, 2.53569,16.22121
1995-12-24, 5530.2,10040.65,2.515404,15.91399
1995-12-25, 5457.1,9915144,2.366644,16.03688
1995-12-26, 5413.4, 9956.98,2.434262,16.03688
1995-12-27, 5532.4,10207.16,  2.4275,16.22121
1995-12-28, 5503.7,10124.32,2.434262,15.97544
1995-12-29, 5634.8,10375.34,2.501881, 16.2888
1995-12-30, 5804.8,10500.85, 2.53569,17.08143
1995-12-31, 5834.6,10459.01, 2.53569,17.11215
1996-01-01, 5817.1,10375.34,2.528928,16.95854
1996-01-02,5823,10416.34,2.407215, 16.8971
1996-01-03, 6053.1,10751.86,2.468071,17.78803
1996-01-04, 6201.8,10835.54,2.549213,18.12598
1996-01-05, 6082.4,10626.36,2.501881,17.97237
1996-01-06, 6227.1,10710.03,2.501881,18.37175
1996-01-07, 6181.5,10709.19,2.501881,17.51154
1996-01-08, 6043.8, 10333.5, 2.53569,16.40554
1996-01-09, 6156.1,10291.67,2.522166,16.71276
1996-01-10, 6245.5,10751.86,2.434262, 16.8971
1996-01-11, 6355.8,11002.88,2.501881,16.83565
1996-01-12,6432, 11212.9,2.515404,17.38865
1996-01-13, 6286.4,10961.05, 2.53569,17.01998
1996-01-14, 6338.7,10919.21,2.468071,16.95854
1996-01-15, 6487.9,11085.72,2.468071,17.05071
1996-01-16, 6444.7, 10793.7,2.434262,17.54226
1996-01-17, 6508.5,10541.85,  2.4275, 17.8802
1996-01-18, 6652.1,10417.18,2.501881,18.09525
1996-01-19, 6432.9, 9956.98,2.434262,17.63442
1996-01-20, 6293.4,9705964,2.501881,17.05071
1996-01-21, 6214.6,9789636,2.528928,16.95854
1996-01-22, 6188.7,9705964,2.501881,16.95854
1996-01-23, 6411.6,9873308,2.380167,17.38865
1996-01-24, 6299.1,9763697,2.380167,17.26576
1996-01-25, 6222.5,9622292,2.434262,17.08143
1996-01-26, 6050.9,9413111,2.366644,16.83565
1996-01-27, 6096.3,9538619,2.359882,16.65132
1996-01-28, 5968.4,9664128,2.366644,16.52843
1996-01-29, 5909.3,9413111,2.366644,16.58988
1996-01-30, 6143.3,9580456,2.359882,17.14287
1996-01-31, 6123.2,9496783,2.434262,17.08143
1996-02-01, 6277.3,9623128,2.434262,17.48081
1996-02-02, 6363.5,9998816,2.332835,17.78803
1996-02-03, 6244.1,10082.49,2.332835,17.81876
1996-02-04, 6130.7,10249.83,2.299025,18.07068
1996-02-05, 6165.2, 10333.5,2.393691,18.21814
1996-02-06, 6257.2,10125.16,2.400453,18.40247
1996-02-07, 6222.7,10207.16,2.380167,18.37175
1996-02-08, 6304.1,10417.18,2.366644,18.49464
1996-02-09, 6227.7, 10333.5,2.244931, 18.4332
1996-02-10, 6227.1, 10333.5,2.299025,18.74042
1996-02-11, 6348.4,10459.01,2.366644,19.63135
1996-02-12, 6352.8,10584.52,2.299025,19.66208
1996-02-13, 6292.1,10499.18,2.265216, 19.4163
1996-02-14, 6337.1,10500.85,2.332835,19.04764
1996-02-15, 6314.7,10500.85,2.332835, 18.4332
1996-02-16, 6248.9,10291.67,2.292264,18.40247
1996-02-17, 6202.7, 9956.98,2.305787,18.21814
1996-02-18,6028,9538619,2.163789,18.06453
1996-02-19, 6126.1,9873308, 2.17055,18.24886
1996-02-20, 6294.7,10040.65, 2.09617,18.80186
1996-02-21,6270,10166.16, 2.09617,18.74042
1996-02-22, 6259.4,10166.16, 2.09617,18.80186
1996-02-23, 6232.5,9999653,2.102932,18.98619
1996-02-24,6270,10040.65,2.062361,19.04149
1996-02-25, 6276.8,10124.32, 2.09617,19.47774
1996-02-26,6254,10039.82,2.048837,19.47774
1996-02-27, 6334.6,10082.49,1.994743,19.35486
1996-02-28, 6382.7,10290.83,1.967695, 19.4163
1996-02-29, 6415.7, 10374.5,1.954172,19.04764
1996-03-01,6358,10000.49,1.825697,18.92475
1996-03-02, 6390.9,10081.65,1.825697,18.80186
1996-03-03, 6464.2,10165.32,1.859506,18.98619
1996-03-04, 6534.2,10291.67,1.791887,19.04764
1996-03-05, 6512.4,10208,1.791887,19.10908
1996-03-06, 6489.6,10083.32,1.758078,19.15824
1996-03-07, 6560.2,10166.16,1.731031,19.35486
1996-03-08, 6588.2,10082.49,1.724269,19.16438
1996-03-09, 6551.7,9957817,1.758078,18.92475
1996-03-10,6557,10082.49,1.737793,18.80186
1996-03-11, 6513.8, 9956.98,1.717507,18808
1996-03-12, 6535.9,9831472,1.710745, 18.8633
1996-03-13, 6458.8,9789636,1.636365, 18.8633
1996-03-14, 6446.8,10039.82,1.791887,18.74042
1996-03-15, 6521.7,10123.49,1.791887,18.74656
1996-03-16, 6605.8,10290.83,1.825697,19.10908
1996-03-17, 6626.9, 10374.5,1.744555,19.53919
1996-03-18, 6612.6,10375.34,1.717507,19.78496
1996-03-19, 6651.5,10249.83, 1.69046,20.15363
1996-03-20,6631,10208,1.758078,20.21507
1996-03-21, 6626.7,9999653,1.710745,20.82951
1996-03-22, 6608.6,10123.49,1.663412,20.89096
1996-03-23, 6631.3,10166.16,1.683698,21.13673
1996-03-24, 6744.9, 10333.5, 1.69046,20.89096
1996-03-25, 6733.5,10710.03,1.649889,20.76807
1996-03-26,6766,11210.39,1.670174,20.33796
1996-03-27, 6798.1, 11039.7,1.656651, 20.3994
1996-03-28, 6798.9,11379.41,1.656651,20.31338
1996-03-29, 6675.6,11002.88,1.656651,20.09218
1996-03-30, 6648.6,10877.37,1.629603,20.27652
1996-03-31, 6588.8,10877.37,1.643127,20.89096
1996-04-01, 6503.3,10709.19,1.683698,20.58374
1996-04-02,6401,10626.36,1.670174,20.03074
1996-04-03, 6549.7,10874.86, 1.69046,20.28266
1996-04-04, 6543.2, 10793.7,1.670174,20.21507
1996-04-05, 6533.1,11128.39,1.622841,20.09218
1996-04-06, 6641.1,11253.06,1.656651,19.96315
1996-04-07, 6658.5,11170.23,1.656651,20.27652
1996-04-08, 6697.5,11002.88,1.460557,20.76807
1996-04-09, 6704.6,10919.21,1.352368,20.76807
1996-04-10, 6666.6, 10793.7,1.284749,20.82337
1996-04-11, 6559.5,10500.85,1.284749,20.76807
1996-04-12, 6582.9, 10793.7,1.352368,20.82951
1996-04-13, 6523.3, 10793.7,1.284749,20.52229
1996-04-14, 6570.9,10876.54,1.298273,20.46085
1996-04-15, 6522.9,10877.37, 1.35913,20.79879
1996-04-16, 6556.2,11337.57,1.487605,20.76807
1996-04-17, 6556.9,11212.06,1.555223, 20.3994
1996-04-18, 6541.3,11295.73,1.758078,19.66208
1996-04-19, 6625.9,11630.42,2.332835,19.04764
1996-04-20, 6645.2, 11880.6,3.245683, 19.4163
1996-04-21, 6649.2,11881.44,3.245683,19.84641
1996-04-22, 6631.5,11755.93,3.245683,19.66208
1996-04-23, 6591.8,11672.26,3.245683,19.84641
1996-04-24, 6644.8,11714.09,3.245683,20.27652
1996-04-25,6666,11881.44,4.050342,20.46085
1996-04-26, 6735.6,12006.95,4.395196,20.27652
1996-04-27, 6836.8,12341.63,3.982723,20.36868
1996-04-28, 6797.6,12341.63, 3.78663,20.58374
1996-04-29, 6947.1,12843.67,3.671679,22.54994
1996-04-30, 6872.9, 12926.5,3.651393,22.05839
1996-05-01, 6836.3,12843.67,3.462062,21.38865
1996-05-02, 6855.8,12760,3.407967,21.38251
1996-05-03, 6677.7,12550.82,3.245683,20.58374
1996-05-04, 6657.4,12760,3.184826, 20.3994
1996-05-05, 6680.1,12676.32,3.042828,20.27652
1996-05-06, 6654.3,13011.01,3.009018,20.27652
1996-05-07, 6784.5,13011.01, 3.38092,20.09218
1996-05-08, 6910.4,13221.03,3.685202,20.89096
1996-05-09, 6891.6,13220.19,2.907591,21.01384
1996-05-10, 6942.2,13261.19,3.279492,21.44395
1996-05-11, 6912.5,13303.86, 3.38092,21.32106
1996-05-12, 6912.5,13303.86, 3.38092,21.32106
1996-05-13, 6957.7,13680.39,3.360634,21.38251
1996-05-14, 7006.8,13764.06, 3.34711,21.13673
1996-05-15, 7039.9,13847.73, 3.38092,21.75117
1996-05-16, 7039.9,13847.73, 3.38092,21.75117
1996-05-17, 6955.5,13722.22,3.151017, 20.8971
1996-05-18, 6997.7,14015.08,3.286254,21.41323
1996-05-19, 7159.5,14643.45, 3.38092,22.12598
1996-05-20, 7297.4,15060.98,3.374158,23.84027
1996-05-21,7427,15144.65,3.320063,24.51615
1996-05-22, 7454.2,14891.96,3.178064,24.70048
1996-05-23, 7478.3,14935.47,3.313301,24.70048
1996-05-24, 7411.7,14809.96,3.117208,24.82337
1996-05-25, 7621.1,15688.52,3.211874,26.11369
1996-05-26, 7667.5,15730.35,3.245683,27.40402
1996-05-27, 7655.8,15604.85,3.117208,26.60525
1996-05-28, 7816.2,16232.39,2.975209, 26.5438
1996-05-29, 7835.4,16316.06,3.009018,26.42091
1996-05-30, 7904.9,16190.55,2.988733, 26.5438
1996-05-31, 7817.5,15730.35,2.907591,26.48236
1996-06-01, 7890.6,16023.21,2.839973,27.34257
1996-06-02, 7759.7,15730.35,2.839973,27.40402
1996-06-03,7759,15730.35,2.772354,27.21969
1996-06-04, 7849.7, 15897.7,2.833211,26.97391
1996-06-05, 7736.9,15814.03,2.738545,26.41477
1996-06-06, 7788.8,16065.04,2.839973,26.48236
1996-06-07, 7964.6,16818.09,2.738545,26.97391
1996-06-08, 8095.9,17487.47,2.738545,26.97391
1996-06-09, 8102.2,17320.12,2.975209, 27.0968
1996-06-10, 8171.1, 17403.8,2.900829,27.15824
1996-06-11, 8147.8, 17403.8,2.839973,27.77268
1996-06-12, 8316.5,18072.34,2.833211,29.24734
1996-06-13, 8670.6,18700.71,2.839973,30.10755
1996-06-14, 8764.9,18575.21, 3.04959,29.80033
1996-06-15, 8699.9,18574.37,3.245683,28.82337
1996-06-16,8816,18658.88, 3.34711,29.49311
1996-06-17, 8950.2,18909.89,3.178064,29.12445
1996-06-18, 8771.3,18407.86,3.042828,28.81723
1996-06-19, 8701.8,17988.66,3.042828, 28.6329
1996-06-20, 8719.5,17654.81,3.029304, 28.3564
1996-06-21, 8959.2,18115.01,3.009018,28.63904
1996-06-22, 9149.1,18575.21,2.968447,28.57145
1996-06-23, 8927.8,18073.17,  2.9414,27.95701
1996-06-24, 8776.7,17738.49,2.921115,26.66669
1996-06-25, 8828.7, 17989.5,2.839973,26.02153
1996-06-26,8978,17738.49,2.704736,27.02921
1996-06-27,8961, 17989.5,2.704736,27.40402
1996-06-28,9074,18156.85,2.772354,27.87714
1996-06-29,9125,18240.52,2.873782,28.20279
1996-06-30,9180,18324.19, 3.38092,28.26423
1996-07-01,9419,18407.86,3.279492,29616
1996-07-02,9565,18324.19,3.313301,30.72199
1996-07-03,9317,17738.49,3.326825,29.18589
1996-07-04,9314,17822.16,3.448538,29.43167
1996-07-05,9499,18115.01,3.685202,29.49311
1996-07-06,9263,17612.98,3.719012,29.06301
1996-07-07,9172,17529.31,3.752821,28.26423
1996-07-08,9087,17738.49,3.651393,27.34257
1996-07-09,9302,18491.53,3.549966,27.71124
1996-07-10,9301,18491.53,3.522918,28.01846
1996-07-11,9327,18163.56,3.719012,27.83413
1996-07-12,9380,18582.08,3.847487,28.14135
1996-07-13,9271,18247.26,3.752821,27.64979
1996-07-14,9044,17619.49,3.617584,26.78958
1996-07-15,9138,17577.64,3.583775,26.85102
1996-07-16,9237,17200.98,3.448538,27.77268
1996-07-17,9302,17075.42,3.320063,27.95701
1996-07-18,9705,17284.68, 3.34711, 28.6329
1996-07-19,9836,17535.79, 3.34711,29616
1996-07-20,9737, 17786.9,3.435014,29616
1996-07-21,9819,18038.01,3.448538, 29.6713
1996-07-22,9732,18079.86, 3.78663,29.73889
1996-07-23,9517, 17576.8,4.036818,29.43167
1996-07-24,9455,17535.79,4.699478,28.87867
1996-07-25,9490,17493.94,4.598051,28.87867
1996-07-26,9565,17410.23,5.206616,29.05686
1996-07-27,9418,17075.42,5.335091,28.57145
1996-07-28,9422,17200.98,5.544708,27.77268
1996-07-29,9473,17619.49,6.018037,28.51001
1996-07-30,9634, 17954.3,6.220892,28.69434
1996-07-31,9708,18246.43,6.078894,28.87867
1996-08-01,9731,18330.97,6.153274,28.94012
1996-08-02,9761,18456.52,6.288511,29.11831
1996-08-03,9858,18707.63,6.694221,29.48697
1996-08-04,9982,18707.63,6.761839,29.79419
1996-08-05,10074,19126.15, 7.05936, 29.8632
1996-08-06,9993,19084.29,7.235168,29.11035
1996-08-07,10218,19042.44, 6.83622,29.17308
1996-08-08,10179,19000.59,7.093169,29.17308
1996-08-09,10437,19000.59,7.052598,29.67499
1996-08-10,10491,18624.76,8.046589,30.11415
1996-08-11,10681,19000.59,9.331338,30.17689
1996-08-12,10647,19419.94,10.14276,30.17689
1996-08-13,10282,18916.89,8.655154,29.11035
1996-08-14,10353, 19335.4,8.790391,29.23582
1996-08-15,10498, 20171.6,8.783629,28.98487
1996-08-16,10505,20297.99,8.215635,28.98487
1996-08-17,10640,21176.87,9.459813,28.67118
1996-08-18,10714, 20549.1,9.459813,29.67499
1996-08-19,10745,20507.25,9.459813,29.80046
1996-08-20,10764,20256.14,9.459813,29.98868
1996-08-21,10960,20423.54,9.459813,30.99248
1996-08-22,11133,20423.54,9.459813,30.61605
1996-08-23,11300,20925.76,9.459813,29.80046
1996-08-24,11344,21427.98,9.459813,30.74153
1996-08-25,11360,20925.76,10.78513,31.74534
1996-08-26,11110,20674.65,13.05035,32.93735
1996-08-27,11029,20590.95,14.26748,33.87842
1996-08-28,11106,20842.06,16.76936,34.44306
1996-08-29,11333,21761.95,18.92639,33.87842
1996-08-30,11396,22181.31,17.58078,34.06663
1996-08-31,11428,22265.01,16.23518,34.38032
1996-09-01,11489,23436.01, 15.8227,34.81949
1996-09-02,11851, 24776.1,16.76936,35.07044
1996-09-03,11828,25278.32,17.44555,36.07424
1996-09-04,11953,25780.54,17.90535,35.57234
1996-09-05,12118,25947.94,17.17507, 34.5058
1996-09-06,12205,25864.24,16.22841, 34.5058
1996-09-07,12205, 24859.8,16.09318,34.25485
1996-09-08,12121,24441.29,15.41023,33.87842
1996-09-09,12238, 24859.8,15.55223,33.87842
1996-09-10,12587,25947.94,16.37041,34.19211
1996-09-11,13053,26701.27,17.24269,35.76056
1996-09-12,12873,25947.94,17.10745,35.76056
1996-09-13,12757,25278.32,17.91887,34.63127
1996-09-14,12567,25028.05,17.92564,34.81949
1996-09-15,13002,25445.72,19.74457,35.44687
1996-09-16,13259,26115.35,20.15028,35.13318
1996-09-17,13284,25362.02,19.27124,35.13318
1996-09-18,13493,25864.24,20.01504,35.44687
1996-09-19,13502,26366.46,19.54172,34.94496
1996-09-20,13617, 27454.6,19.74457,35.32139
1996-09-21,13617, 27454.6,19.74457,35.32139
1996-09-22,13608,27203.49,20.28552,37.64269
1996-09-23,13153,26533.86,20.28552,38.89745
1996-09-24,12698,25613.13,21.23218,38.57748
1996-09-25,11617,23520.55,18.93991,34.51835
1996-09-26,12640,25947.94,21.90836,36.63888
1996-09-27,11728,24524.99,22.31407, 34.5058
1996-09-28,11181,23687.96,22.92264,31.99629
1996-09-29,11291,23687.96,23.59882,32.62366
1996-09-30,12235,25696.83,24.95119,35.32139
1996-10-01,12426,26450.16, 25.3569,36.39421
1996-10-02,12524,26366.46,25.35014, 37.8309
1996-10-03,12522,26784.14,28.39973,38.27634
1996-10-04,12937, 27454.6,28.06163,38.89745
1996-10-05,13043,27621.17,26.96622,38.89745
1996-10-06,13018,28040.52,25.68147,38.27007
1996-10-07,12872, 27538.3,26.50641,38.27007
1996-10-08,12259,25947.94,26.37117,36.38793
1996-10-09,12016,25948.78,26.70927, 35.5096
1996-10-10,11908,25110.91,26.36441, 35.5096
1996-10-11,12523,25780.54,26.97974, 36.8271
1996-10-12,12322,25529.43,29.07591,35.76056
1996-10-13,12128,25278.32,30.09018,35.13318
1996-10-14,11948,25361.18,29.75885,34.69401
1996-10-15,11809,25445.72,29414,34.81949
1996-10-16,11850,26115.35,30.77313,35.43432
1996-10-17,11904,26616.73,34.47862,35.35276
1996-10-18,11334,25195.45,33.13301,34.19838
1996-10-19,11337,24608.69,32.11874,34.19211
1996-10-20,11211,24273.88,33.94443,33.87842
1996-10-21,10848,23436.85,33.68072,32.12176
1996-10-22,11180,23939.91,33.73482,31.69515
1996-10-23,11157,23771.66,33.80243,32.30998
1996-10-24,11421,23855.37, 33.4711,32.99382
1996-10-25,11626,24106.48,33.34939, 34.5058
1996-10-26,11719,25278.32,36.24346,34.63127
1996-10-27,11267,24273.88,37.32535,33.25104
1996-10-28,10609,22265.01,35.14804,30.74153
1996-10-29,10109,21176.87,32.80168,27.99989
1996-10-30,11062,23521.39,34.47862, 29.4805
1996-10-31,11119, 23772.5,37.52821,30.74153
1996-11-01,11430,24106.48,38.87381,32.05902
1996-11-02,11838, 24859.8, 37.8663, 34.0039
1996-11-03,11684,24943.51,35.16156,34.88223
1996-11-04,11734,25277.48,35.83775,35.75428
1996-11-05,11361,24190.18,35.16156,34.81949
1996-11-06,11093,23353.15,35.16156,33.43926
1996-11-07,11292,23856.35,34.82347,34.81949
1996-11-08,10864,23020.09, 33.4711,33.94116
1996-11-09,11204,24107.47,33.94443,35.13945
1996-11-10,11524,24944.57,37.06164,36.13698
1996-11-11,11713,25112.82,38.07592,36.63888
1996-11-12,11649,25278.57,38.53572,37.20353
1996-11-13,11697,25447.66,38.54248,37.33527
1996-11-14,11516, 25195.7,37.19012,36.38793
1996-11-15,11482,25196.53,35.14128, 35.7982
1996-11-16,11384,25029.12,35.80394,35.13318
1996-11-17,11533,25531.37, 36.3787,36.51341
1996-11-18,11614,25447.66, 36.0406,37.57995
1996-11-19,11797,26117.34,35.16156,38.39554
1996-11-20,12173,26453.01,35.63489,38.27007
1996-11-21,12396,27162.87,35.83775,38.27007
1996-11-22,12540,27204.72,37.12926,37.64269
1996-11-23,12688,26786.18,37.39297,38.26379
1996-11-24,12480,26285.59,37.05488,37.39174
1996-11-25,12432,26284.76,36.85202,37.01531
1996-11-26,12684, 26703.3,36.84526,37.65524
1996-11-27,12737,26620.43,36.58155,37.51721
1996-11-28,12697,26284.76, 36.2367,37.61759
1996-11-29,12895,26786.18, 36.3787,37.64269
1996-11-30,12830, 26703.3,36.44631,38.45201
1996-12-01,12578, 26116.5,35.77013,37.51721
1996-12-02,12487,26117.34,35.49966,37.95638
1996-12-03,12703,26787.01,36.44631,37.89364
1996-12-04,13015,27121.85,36.31108,38.39554
1996-12-05,12955,26954.43,38.13677,38.25125
1996-12-06,11899,25029.95,35.83775,35152
1996-12-07,11545,24191.18,36.50041,33.89097
1996-12-08,9816,19671.71,31.10446,30.42784
1996-12-09,10447,21346.74,32.05112,32.61112
1996-12-10,9818,21261.35, 27.7303,31.36891
1996-12-11,8854,18500.62,23.66644,26.97726
1996-12-12,8986,17160.43,23.66644,27.60464
1996-12-13,9858,19671.71,25.68823,29.92594
1996-12-14,10254,20759.94,29.44781,31.99629
1996-12-15,9988,20507.97,32.11197,31.05522
1996-12-16,9434,19419.75,30.56351,29.48677
1996-12-17,8832,18416.07,27.72354,26.97726
1996-12-18,9006,19169.46,28.05487,27.61091
1996-12-19,8710,18750.91,27.38545,26.66357
1996-12-20,7822,16741.05,21.63789,23.21299
1996-12-21,8072,16993.01,22.31407,23.21299
1996-12-22,8731,17745.56,24.34938,25.09513
1996-12-23,9083,18918.33,25.62737, 28.0438
1996-12-24,9027,18834.62,28.37944,28.23202
1996-12-25,9332,19002.04,28.19687,28.73392
1996-12-26,9188, 18667.2, 27.9264, 29.4805
1996-12-27,9422,19420.58,28.73782, 31.6826
1996-12-28,9070,18082.07,28.59582,30.45921
1996-12-29,9150,18332.36,28.39973,31.24343
1996-12-30,9372,19002.04,29.27876,33.56473
1996-12-31,9619,20340.55,30.09018,34.81949
1997-01-01,9394,20341.39,29.74533,33.56473
1997-01-02,9648,20592.52,29.54924,33.69021
1997-01-03,9964, 22266.7,29.86028,33.12557
1997-01-04,9991,21931.87,32.79492,33.25104
1997-01-05,10046,21764.45, 33.4711,32.93735
1997-01-06,10080,21931.03,33.67396,31.99629
1997-01-07,10078,22183,33.13301,31.24343
1997-01-08,9840,21764.45,32.11874,30.86701
1997-01-09,9461,21094.77,30.42152,29.80046
1997-01-10,9108,19671.71,28.39973, 28.8594
1997-01-11,9146,19922.84,29.00829,29.48677
1997-01-12,9550,20843.64,30.07666, 30.7478
1997-01-13,9742,21178.48,29.75885,30.42784
1997-01-14,9853,20843.64,31.67922,29.80046
1997-01-15,9482,19922.84,30.56351,28.54571
1997-01-16,9139,18750.91,30.42828,27.29095
1997-01-17,9494,19336.88,31.08418,27.91833
1997-01-18,9554,19922.84,30.76637,28.62814
1997-01-19,9554,19922.84,30.76637,28.62814
1997-01-20,9794,20507.13,30.76637, 29.9005
1997-01-21,10051, 21345.9,30.76637,30.53668
1997-01-22,10196,21848.16,30.76637,30.84841
1997-01-23,10196,21848.16,30.76637,30.84841
1997-01-24,10479,22475.98,30.76637,32.12713
1997-01-25,10606,22810.82, 42.2615,32.43886
1997-01-26,10184,22183,44.35767,30.53668
1997-01-27,9879,21513.32,46.65669,29.25796
1997-01-28,9657,20927.35,44.27652,28.31005
1997-01-29,9118,19420.58,43.27577,26.52874
1997-01-30,9227,19336.88,42.60635, 26.7196
1997-01-31,9415,20090.26,43.81672,28.93987
1997-02-01,9349,20173.97,43.27577,28.62814
1997-02-02,9140,19588,41.24722,27.35578
1997-02-03,9448,20299.53, 41.9234,28.11919
1997-02-04,9752,21011.06,43.61386,29.39155
1997-02-05,9568,20173.97, 41.9234,28.62814
1997-02-06,9385,19922.84,41.24722,27.67387
1997-02-07,9709,20090.26,41.99102, 28.5009
1997-02-08,9467,19922.84,40.23294,27.29216
1997-02-09,9513,20090.26,41.24046,27.03769
1997-02-10,9651,20508.81,39.21867,26.97407
1997-02-11,9773,20759.94, 40.5778,27.67387
1997-02-12,9785,20508.81,39.89485,28.31005
1997-02-13,9720,20090.26,38.88058,28.24643
1997-02-14,9973,19922.84,40.56427,28.94623
1997-02-15,10054,20132.11,38.27201,29.25796
1997-02-16,9971,19922.84,38.53572,29.83688
1997-02-17,9948,20090.26,38.54248,30.79115
1997-02-18,10010,20383.24,38.54248,30.53032
1997-02-19,10239,20676.23,39.21867,30.53668
1997-02-20,10278,20592.52,38.54248,30.53668
1997-02-21,10485,21261.35,38.74534,30.21859
1997-02-22,10350,21094.77,38.54248,29.39155
1997-02-23,10391,21094.77,38.88058,29.57605
1997-02-24,10233,20927.35, 38.6101,28.62814
1997-02-25,10420,21262.19,38.81296,29.77326
1997-02-26,10322,20927.35,38.47487,29.58241
1997-02-27,10235,21262.19,38.20439,29.26432
1997-02-28,10318,21763.61,39.96247,29.58241
1997-03-01,10545,21680.74,42.52521,30.21859
1997-03-02,10556,21513.32, 42.2615,30.34583
1997-03-03,10570,21429.61,42.59959,30.85477
1997-03-04,10845,21638.88,43.27577,31.79632
1997-03-05,10939,21571.92,43.61386,31.80904
1997-03-06,10898,21429.61,43.27577,31.49095
1997-03-07,10947,21513.32,44.62138,32.12713
1997-03-08,11159,21555.17,45.90613, 33.0814
1997-03-09,11166,21680.74,45.97375, 33.0814
1997-03-10,11180,22350.41, 45.9467,32.44522
1997-03-11,11223,22434.12,45.03385, 33.0814
1997-03-12,11356,22768.96,47.31935,32.95417
1997-03-13,11566,22936.38,47.67097,33.71758
1997-03-14,11600,23020.09,47.94144,33.20864
1997-03-15,11808,23187.51,47.94144,35.61977
1997-03-16,11894,23061.94,57.10207,35.94422
1997-03-17,11831,23061.94,57.00528, 36.5804
1997-03-18,11919,23355.88,57.10207, 36.5804
1997-03-19,12038,23272.17,57.68277,36.57404
1997-03-20,11905,23026.17,57.77955,35.94422
1997-03-21,11756,22523.78,60.19913,36.26231
1997-03-22,11945,22774.14, 67.2643,34.36013
1997-03-23,11899,22942.44,71.61954,34.09929
1997-03-24,11750,22272.59,71.52276,34.16291
1997-03-25,11946,22691.25,73.55521,35.11718
1997-03-26,11836,22607.51,72.58737,35.62613
1997-03-27,11857,23193.63,72.58737,36.38954
1997-03-28,11634,22691.25,70.16779,34.98995
1997-03-29,11948,23277.37, 72.5777,36.26231
1997-03-30,11847,23444.83,72.58737,35.94422
1997-03-31,11974,23947.22,74494,36.27503
1997-04-01,12120,24197.58,75.49087,37.21658
1997-04-02,12269,24699.96,77.91045, 36.5804
1997-04-03,12299, 24700.8,82.26569,36.26231
1997-04-04,12090,24365.88,79.84611,35.75336
1997-04-05,12108,24282.14,77.90077,36.77125
1997-04-06,12028,24030.95,75.97478,36.90485
1997-04-07,11703,23612.29,75.00695,35.62613
1997-04-08,11572,23695.19, 74.1359, 35.1808
1997-04-09,11728,24198.41,71.61954,35.30804
1997-04-10,11057,23402.13,67.74822,33.52673
1997-04-11,11377,24114.68,71.61954,34.36013
1997-04-12,11527,24030.95,74.03912,34.35377
1997-04-13,11677,24282.14,73.55521,35.30804
1997-04-14,11507,23444.83,74.52304,36.15082
1997-04-15,11554,23444.83,74.52304,36.55072
1997-04-16,11164,22858.71,72.10346,35.99086
1997-04-17,11063,22105.12,69.68388,35.99086
1997-04-18,11220,22021.39,73.55521,34.55123
1997-04-19,10983,21519,71.61954,33.51149
1997-04-20,10797,21100.35,70.16779,32.07186
1997-04-21,10779,20974.75,70.55493,31.59198
1997-04-22,10733,20932.88,69.68388,30.87216
1997-04-23,10906,21309.67,68.71605,31.59198
1997-04-24,10204, 19928.1,64.84472,29.27257
1997-04-25,10343,20137.43,64.74794,29.19259
1997-04-26,10408,19844.37,63.87689,29.59248
1997-04-27,10268,19676.91,64.84472,28.40079
1997-04-28,10239,19509.45,62.90906,28.39279
1997-04-29,10015,18839.59,60.00556,28.79269
1997-04-30,9436,17583.62,54.68249,26.71322
1997-05-01,9747,18002.28,59.52165,27.67297
1997-05-02,10152,19258.25,59.03773,30.49626
1997-05-03,9846, 18588.4, 58.0699,30.39228
1997-05-04,9605,18839.59,56.13424,28.79269
1997-05-05,10150,20011.84,60.00556,31.19208
1997-05-06,9855,19844.37, 58.0699,30.39228
1997-05-07,10191,20095.57,58.54414,31.19208
1997-05-08,10369,20345.92,60.00556,31.19208
1997-05-09,10540,20514.23,60.00556,30.40028
1997-05-10,10369,20011.84,57.58598,29.19259
1997-05-11,9868,19174.52, 55.1664,27.35305
1997-05-12,9584,18253.47,55.65032, 26.7932
1997-05-13,9073,17333.26,51.77899, 25.2016
1997-05-14,9248,17416.16,51.29508,25.27358
1997-05-15,9897,18337.21, 55.1664,28.15285
1997-05-16,9539,17499.89,55.15673,27.35305
1997-05-17,9686,18086.01,54.39214,27.98489
1997-05-18,9619,17667.35,52.45648,27.19309
1997-05-19,9937,18169.74,53.23074,29.35255
1997-05-20,9855,18086.01,53.42431,29.59248
1997-05-21,9527,17918.55,50.81116,28.63273
1997-05-22,9464,17583.62,49.35941,28.39279
1997-05-23,9603,17943.67,50.32725,28.39279
1997-05-24,9678,18002.28,51.78867,28.79269
1997-05-25,9914,18337.21,53.24042,29.99238
1997-05-26,9900,18420.94,54.68249,29.75244
1997-05-27,10115,19090.79,57.87633,30.79218
1997-05-28,10018,19760.64,57.11175,30.39228
1997-05-29,10205,20514.23,62.90906,31.19208
1997-05-30,10335,20932.88,62.42514,32.39177
1997-05-31,10335,20932.88,62.42514,32.39177
1997-06-01,10326,21016.61,64.84472,33.75143
1997-06-02,10419,21016.61,67.21591,34.55123
1997-06-03,10641,21686.47,67.74822,34.39127
1997-06-04,10648, 21770.2, 67.2643,34.79116
1997-06-05,10907,22356.32,68.81283,35.75092
1997-06-06,11057,22523.78,67.74822,36.47074
1997-06-07,11041,23109.07,66.78038,35.19106
1997-06-08,10922,23277.37,65.81255,34.39127
1997-06-09,10912,23277.37,63.87689,33.35153
1997-06-10,10639,22272.59,62.61871,32.39177
1997-06-11,10574,21937.66,62.13479,32.95163
1997-06-12,10564, 21770.2,60.98307,31.99188
1997-06-13,10318,21853.93,59.52165,31.19208
1997-06-14,10542,21686.47,58.56349,31.19208
1997-06-15,10939, 21938.5,60.48948,31.99987
1997-06-16,10707,21351.54,59.52165,31.59198
1997-06-17,10412,20523.44,59.52165,31.03212
1997-06-18,9859,19844.37,56.61815,29.19259
1997-06-19,9828,19258.25,55.65032,29.99238
1997-06-20,9689, 18588.4,56.13424,28.95265
1997-06-21,9319,17415.32,56.61815,27.83293
1997-06-22,9182,16913.77, 58.0699, 27.1771
1997-06-23,8801,16662.57, 55.1664,25.91342
1997-06-24,8417,16201.21,53.23074,24.23385
1997-06-25,8710,16578.84,53.71466, 25.5935
1997-06-26,8743,16662.57,53.21138, 26.7932
1997-06-27,8609,16202.05,52.74682,25.75346
1997-06-28,8642,16118.32,52.25323, 25.5935
1997-06-29,8541, 15826.1,52.26291, 24.7937
1997-06-30,7991,14987.94,49.35941,22.79421
1997-07-01,7763,14150.63,45.48809,21.98642
1997-07-02,7655,13397.05,45.28484,20.79472
1997-07-03,7651,13062.12,46.45592,20.55478
1997-07-04,7347,12141.07,44.52026,19.75498
1997-07-05,6616,10550.17,41.61676,17.59553
1997-07-06,6746,10466.44,40.64893,17.59553
1997-07-07,6472,10047.78,38.71327,17.59553
1997-07-08,6917,11052.56,39.87466,20.27648
1997-07-09,6804,11722.41,35.80977,20.20041
1997-07-10,6218,11136.29,30.97061,18.59452
1997-07-11,5837,10718.47,28.06712, 17.6648
1997-07-12,5816,10132.35,29.22852,16.90411
1997-07-13,5655,9880321,29.50919, 15.6363
1997-07-14,4760, 8205.69,25.16362,11.84133
1997-07-15,5398,9461663,29.03495,13.86137
1997-07-16,5818, 10633.9,34.35802,15.46726
1997-07-17,6905,12558.89,40.16501,19.86233
1997-07-18,6759,11303.76, 39.6811,19.86233
1997-07-19,6432,9629126,39.67142,19.86233
1997-07-20,6709,10005.92,42.57491,21.29918
1997-07-21,6449,9712858, 39.1004,20.70754
1997-07-22,6559,9964052,38.22935,20.36946
1997-07-23,7280,11554.95,41.32641, 23.8348
1997-07-24,6844, 10885.1,42.28456,23.24315
1997-07-25,6711,10298.98,40.64893,22.14439
1997-07-26,6827, 10591.2,40.64893,23.07411
1997-07-27,6868,10550.17,40.61989,22.98959
1997-07-28,6593,10214.41,38.71327, 21.8063
1997-07-29,5960,  9294.2,34.40642,19.86233
1997-07-30,6409,9796589,33.87411, 20.9611
1997-07-31,6122,9336066,30.58348,19.43973
1997-08-01,6336,9796589,32.90628,20.28493
1997-08-02,6156,9629126, 32.8966,20.03137
1997-08-03,6175,9712858,32.88692,19.86233
1997-08-04,6527,10381.87,35.31618,21.95844
1997-08-05,6618, 11010.7,35.80977,22.39795
1997-08-06,6445,10926.96,35.80977,21.55274
1997-08-07,6874,11554.95,37.72608,23.32767
1997-08-08,6707,11638.68,37.45508,23.07411
1997-08-09,6844,11889.88,38.71327,22.48247
1997-08-10,6973,12810.92,40.64893,23.24315
1997-08-11,7350,13983.17,42.56524,22.82055
1997-08-12,7603,14065.22,45.34291,23.64885
1997-08-13,7272,13145.85,42.58459,22.48247
1997-08-14,6971,12225.64,41.13285,19.86233
1997-08-15,6869,12057.34,40.64893,18.67904
1997-08-16,6826, 12224.8,40.16501,18.96359
1997-08-17,6538,11680.55,38.22935,18.78962
1997-08-18,7047,12559.73,42.58459,20.18144
1997-08-19,7509,13690.11,44.42347,22.18219
1997-08-20,7655,14233.52,45.00417,23.92196
1997-08-21,8092,15155.41,47.42375,24.35691
1997-08-22,8214,15404.93,50.32725,24.53089
1997-08-23,8242,15574.06,53.71466,24.35691
1997-08-24,8000,15239.14,53.71466,23.22605
1997-08-25,7762,14987.94,53.23074,22.61713
1997-08-26,7470,14234.36,50.13368,21.74724
1997-08-27,7615,14644.64,51.29508,21.74724
1997-08-28,8003, 15406.6,55.06962,23.22605
1997-08-29,8330,15908.15,58.06022,24.35691
1997-08-30,8547,16242.24,60.48948,25.92271
1997-08-31,8317, 15657.8,57.58598, 24.4526
1997-09-01,8531,15424.19,57.59566,25.05282
1997-09-02,8635,15574.06,59.71521, 26.7926
1997-09-03,8606, 15489.5,58.06022,26.09669
1997-09-04,8909,15908.99,59.52165,27.40152
1997-09-05,8953, 15406.6,59.99588,27.48851
1997-09-06,9093,15281,59.02805,28.27141
1997-09-07,8631,14318.09,56.23102,26.44464
1997-09-08,8544,14611.15, 58.0699, 25.2268
1997-09-09,8448,14904.21,57.10207,24.70487
1997-09-10,7706,13564.51,53.03717,22.18219
1997-09-11,7626,13313.31,52.74682,21.13832
1997-09-12,7945,13899.43,56.14391,22.18219
1997-09-13,7629,13397.05,55.45675,22.00821
1997-09-14,7572,12810.92, 55.1664,22.61713
1997-09-15,7530,12810.92,53.71466,23.03468
1997-09-16,7195,12308.54,51.29508,21.92122
1997-09-17,6583,11136.29,46.26235,20.00746
1997-09-18,6934,11554.95,49.84333,20.87735
1997-09-19,6618,11052.56,48.39158,19.57252
1997-09-20,6645,10968.83,48.39158,19.57252
1997-09-21,6781,11135.46,50.31757,19.31155
1997-09-22,7201,11764.28,52.71361,20.61638
1997-09-23,7115,12141.07, 52.0174,21.44673
1997-09-24,7176,12308.54,52.71361,21.53609
1997-09-25,7176,12308.54,52.71361,21.53609
1997-09-26,6898,11680.55,51.22172,20.10631
1997-09-27,6715,11220.03,49.72982,19.74886
1997-09-28,6784,11471.22,49.72982,20.55312
1997-09-29,6784,11471.22,49.72982,20.55312
1997-09-30,6941,11136.29,49.72982, 19.2127
1997-10-01,7110,11553.28,50.22712, 19.6595
1997-10-02,7330,11931.74,52.72356,20.81227
1997-10-03,6954,11621.94,51.71902,19.74886
1997-10-04,6781,11210.81,50.72442, 19.2127
1997-10-05,6403,10508.31,47.74063,17.87228
1997-10-06,5915,9964052,40.28116,17.15738
1997-10-07,5617, 9001.14,36.80007,14.65527
1997-10-08,5057,7284643,28.85324,13.04676
1997-10-09,6746,8790974,39.28656, 16.9876
1997-10-10,7113,9210469,40.77846,18.31908
1997-10-11,7380,9377932,43.26495, 19.6595
1997-10-12,7674,9922187,46.69631, 19.2127
1997-10-13,7321,9712858,43.76225, 19.2127
1997-10-14,7189,  9294.2,41.17629,18.94461
1997-10-15,7189,  9294.2,41.17629,18.94461
1997-10-16,7645,9588098,44.25954, 19.2127
1997-10-17,7687, 9587.26,44.75684,20.10631
1997-10-18,7987,10884.26,42.86711,20.99992
1997-10-19,8171,11387.49,40.28116, 23.1446
1997-10-20,8891,12643.46,47.24333,24.12757
1997-10-21,8731,13271.45,51.71902,24.39566
1997-10-22,8676,13062.12,50.22712,25.02119
1997-10-23,8652,12978.39,48.73523,23.32332
1997-10-24,8435,12434.13,47.74063,22.16162
1997-10-25,8824,13229.58,49.72982,23.05524
1997-10-26,8673,12936.52,49.22258,23.05524
1997-10-27,8853,12978.39,49.72982,23.68077
1997-10-28,8990,12852.79, 50.5255,24.57438
1997-10-29,8952,12560.57,51.71902,24.12757
1997-10-30,8974,12727.19,51.42064,23.23396
1997-10-31,8860,12978.39,50.72442,23.77013
1997-11-01,9013,13480.78,51.71902,24.21693
1997-11-02,9074,14318.09,50.22712,23.77013
1997-11-03,8942,14150.63,49.22258,23.51992
1997-11-04,8953,13690.11,53.21091,23.94885
1997-11-05,8674,12978.39,51.71902,23.41268
1997-11-06,8910,13489.99,54.70281,23.94885
1997-11-07,9198,14318.09,57.98498, 24.7531
1997-11-08,9070,14150.63,58.39276,24.84246
1997-11-09,9154,13917.02,59.57633,25.46799
1997-11-10,9508,14820.48, 63.3558,26.09352
1997-11-11,9465,15071.68,66.04121,26.80841
1997-11-12,9785,15825.26,69.12446,27.16586
1997-11-13,9484,15783.39,66.76726,26.54033
1997-11-14,9778,16578.84,69.42284,27.56799
1997-11-15,9697, 16997.5,65.64337,26.71905
1997-11-16,9574,16914.61,65.64337,25.89693
1997-11-17,10413,18337.21,69.62175,27.70203
1997-11-18,10658,18337.21,70.61635,29.04245
1997-11-19,10634,18169.74,70.61635,28.77436
1997-11-20,10894,18337.21,71.61095,31.18712
1997-11-21,10835,18672.13,69.12446,30.47223
1997-11-22,10527,18002.28,67.63256,28.86373
1997-11-23,10416,17751.08,70.61635,27.70203
1997-11-24,10428,17205.99,72.61549,27.70203
1997-11-25,10937,18426.71,77.09117,28.60458
1997-11-26,10865,18384.83,78.32447,30.20415
1997-11-27,10868,18996.27,77.97636,31.81265
1997-11-28,11027,19851.43,77.19063,34.85094
1997-11-29,10696,19934.35,77.57853,34.27009
1997-11-30,11021, 21023.2,78.88145,35.82498
1997-12-01,11165,21942.86,76.59388,37.89816
1997-12-02,11529,22949.63,77.46912,38.82752
1997-12-03,11465,22874.25,76.09658,35.28881
1997-12-04,11328,21944.54,76.58393,35.28881
1997-12-05,11429,22195.81,75.58933,36.19136
1997-12-06,11217,21994.79,74.09744, 36.0037
1997-12-07,11305,22112.05,75.09204,36.01264
1997-12-08,11245, 22028.3,74.89312, 37.7105
1997-12-09,11428,22572.72,74.99258,38.15731
1997-12-10,11196,22195.81,74.59474,36.63817
1997-12-11,10989,21148,70.61635,35.83391
1997-12-12,11083,21190.72,70.61635,36.20029
1997-12-13,11031,20939.45,70.01959,35.20838
1997-12-14,10797, 20436.9,69.42284,33.07265
1997-12-15,10885,20101.03,69.12446, 32.1701
1997-12-16,11127,20311.26, 70.6263,35.66551
1997-12-17,11085,19851.43,72.60554,35.36907
1997-12-18,11350, 22371.7,73.60014,37.05508
1997-12-19,11436,22447.09,72.80446,37.79618
1997-12-20,11268,21944.54,71.61095, 36.1287
1997-12-21,11578,22276.22,72.60554,38.02777
1997-12-22,11888,22488.13, 72.0983,37.51827
1997-12-23,12233,22949.63,76.58393,38.44464
1997-12-24,12412,22530.84,78.75215,39.37102
1997-12-25,12267,22447.09,78.68253,38.16673
1997-12-26,12147,22279.57,78.47366,36.17502
1997-12-27,12459, 23167.4,81.65637,37.05508
1997-12-28,12335,23033.39,82.05421,37.25888
1997-12-29,12151, 22371.7,79.56772,36.59189
1997-12-30,12267,21609.51,79.07042,36.68453
1997-12-31,12118,21106.96,78.47366,37.24035
1998-01-01,12088,21149.68,77.47907,36.78643
1998-01-02,11727,20604.41,74.58479,35.20232
1998-01-03,11154,19932.68,70.21851,33.72012
1998-01-04,10602,19004.64,67.63256,31.32081
1998-01-05,11245, 20436.9,74.89312,34.26668
1998-01-06,10936,20854.85,75.47993,33.34957
1998-01-07,10929,20520.66,73.50068,33.54411
1998-01-08,11089,21064.24,74.59474,34.27595
1998-01-09,11050,21106.96,74.89312,34.46122
1998-01-10,10996,20771.93,74.78371,34.25742
1998-01-11,11233, 21023.2,76.68339, 35.3876
1998-01-12,11047,20521.49,76.58393,33.34957
1998-01-13,11032,20353.14,77.57853,32.60847
1998-01-14,10889,19691.45,75.09204,32.09896
1998-01-15,11089,20101.87,76.59388,33.34957
1998-01-16,11104,19934.35,78.54328, 34.5446
1998-01-17,11084,20018.95,77.57853,34.83177
1998-01-18,11183,20110.24,77.56858,34.84104
1998-01-19,11643,21065.08,79.56772,36.31398
1998-01-20,11628,21441.99,78.57312,36.49925
1998-01-21,11877,21777.02,79.55777,37.87955
1998-01-22,12005,22715.95,81.55691,36.77717
1998-01-23,11974,23284.66,80.55237,35.39686
1998-01-24,11792,22991.51,78.52339, 33.9054
1998-01-25,11430,22363.33,76.78285,33.45147
1998-01-26,11219,21777.02,75.88771,33.07166
1998-01-27,11264,22003.17,74.59474,32.88638
1998-01-28,11379,22196.65,75.00252,33.62748
1998-01-29,11626,23033.39,75.09204,34.28521
1998-01-30,11708,23326.54,75.58933,35.19306
1998-01-31,11835,23662.41,76.57398,34.92441
1998-02-01,11936,23452.18,77.28015,34.97073
1998-02-02,11674,23829.09, 74.1969,33.83129
1998-02-03,11745,23870.97,73.80901,33.08092
1998-02-04,11509,23284.66,72.48619,31.96001
1998-02-05,11509,23284.66,72.48619,31.96001
1998-02-06,11273,23033.39,70.40749,31.49682
1998-02-07,11302,22865.87,70.71581,31117
1998-02-08,11349,23201.74,69.82067,31.12627
1998-02-09,11361,23033.39,67.98067, 31.2189
1998-02-10,11407,23368.42,66.43905,32.14528
1998-02-11,11451,23368.42,65.14607, 33.1643
1998-02-12,11274,23368.42,63.18672,32.42319
1998-02-13,11302,23242.78,62.95796,31.58945
1998-02-14,11238,23284.66,63.85309,31.68209
1998-02-15,10989,22279.57,67.08553,31.31154
1998-02-16,10675,21609.51,65.04661,29.65333
1998-02-17,10734,21860.78,65.04661,28.90296
1998-02-18,10691,21900.99,65.04661,28.90296
1998-02-19,10568,21359.07,63.64423,29.64406
1998-02-20,10441,21534.96,61.96336,28.71769
1998-02-21,10211, 21107.8,59.67579, 27.5134
1998-02-22,10264,21776.19,61.16768,26.98536
1998-02-23,10172,21777.02,60.86931,27.32812
1998-02-24,10195,21567.63,60.67039, 28.2545
1998-02-25,10038,20478.78,59.77525,27.70794
1998-02-26,9948,19892.47,58.68119, 28.2545
1998-02-27,9834,19532.32,58.18389,27.05021
1998-02-28,10136,20361.52,62.56012,27.69867
1998-03-01,10045,19850.59,60.67039,27.42076
1998-03-02,10180,20277.76,62.16228,27.97658
1998-03-03,10118,19976.23,62.15233,27.69867
1998-03-04,9924,19808.72,59.57633,27.05021
1998-03-05,9689,19683.92,57.44789,26.21647
1998-03-06,9818,19976.23,58.18389,26.58702
1998-03-07,10142,21190.72,62.16228,27.79131
1998-03-08,10180,21190.72,60.67039,27.79131
1998-03-09,10314,21190.72,59.12876,28.20818
1998-03-10,10650,20981.32,60.67039, 28.4583
1998-03-11,10496,20771.93,59.68574,29.08824
1998-03-12,10545,21190.72,59.67579,27.88395
1998-03-13,10524,21106.96,59.29784, 27.5134
1998-03-14,10564,21525.75,59.18844,27.42076
1998-03-15,10902,22195.81,59.67579,28.26376
1998-03-16,10998,22781.28,61.46606,28.90296
1998-03-17,11156,23283.83,62.07277,29.64406
1998-03-18,11185,23075.27,61.91363,28.90296
1998-03-19,11090,23159.03,61.65504, 29.1994
1998-03-20,11292,23451.34,64.44985,29.45879
1998-03-21,11363,23452.18,66.14067,29.41247
1998-03-22,11477,23787.21,65.94175,30.20915
1998-03-23,11459,23745.33,63.90282, 30.7094
1998-03-24,11263,23619.69,61.66498,29.64406
1998-03-25,11094,23569.44,53.70821,27.79131
1998-03-26,11290, 24792.3,50.69458,28764
1998-03-27,11586,25336.73,50.22712, 29.0975
1998-03-28,11449,25294.01,51.82842,28.91223
1998-03-29,11531, 25797.4,52.71361,30.29253
1998-03-30,11385,25546.12,52.70367,30.57044
1998-03-31,11532,25378.61,53.70821,30.94099
1998-04-01,11542,25378.61,51.42064,29.54216
1998-04-02,11442, 25244.6,50.72442,27.79131
1998-04-03,11433,25085.46,48.03901,27.79131
1998-04-04,11106,24038.48,45.25414,26.86493
1998-04-05,10959,23862.59,43.26495,26.30911
1998-04-06,11055,24457.27,42.27035,26.21647
1998-04-07,10923,24122.24,44.25954,26.12383
1998-04-08,11345,25144.92,48.46669,26.48512
1998-04-09,11338,25294.85,47.25328,26.86493
1998-04-10,11459,25336.73,47.24333,28.43977
1998-04-11,11478,24415.39,47.24333,28.19891
1998-04-12,11297,23870.97,45.55252,27.14285
1998-04-13,11330,24038.48,45.24419,27.09653
1998-04-14,11146,24038.48,45.24419, 26.8742
1998-04-15,10978,23284.66,44.55792, 26.9761
1998-04-16,11097,23745.33,42.76765,27.52266
1998-04-17,11274,24289.76,43.71252,27.79131
1998-04-18,11253,24541.03,42.76765,27.79131
1998-04-19,11460,25713.64,44.38884,25.76254
1998-04-20,11394,26048.67,46.24874,25.11408
1998-04-21,11469,25964.91,46.28852,26.30911
1998-04-22,11530,26291.57,47.74063,26.30911
1998-04-23,11700,26308.32,48.73523,25.70696
1998-04-24,11700,26006.79,49.82928,25.75328
1998-04-25,11762, 26383.7,50.12766,26.12383
1998-04-26,12346,28058.86,49.92874,26.85567
1998-04-27,12406,28896.44,47.84009,28.07849
1998-04-28,12714,29901.53,51.33112,29.29204
1998-04-29,12960,30655.35,53.21091,29.64406
1998-04-30,12879,31074.14,51.42064,29.92198
1998-05-01,13101, 31157.9,51.71902, 31.2189
1998-05-02,13189,30965.25,52.61415,30.01461
1998-05-03,13114,30780.99, 51.5201,29.92198
1998-05-04,13128,30864.74,53.90713,30.10725
1998-05-05,12812,30320.32, 55.7173,29.45879
1998-05-06,13087,32246.75,57.67665,29.87566
1998-05-07,13462,33586.87,58.69114,30.30179
1998-05-08,13435,33586.87,57.48768,30.19989
1998-05-09,13565,33586.87,58.59168,30.01461
1998-05-10,13392,33084.32,58.48227,30.38516
1998-05-11,13536,32456.14,64.05201,31.51534
1998-05-12,13888,32669.72,65.63342,32.65479
1998-05-13,13854, 32330.5,62.65958,34.27595
1998-05-14,13778, 32539.9,62.16228,33.49779
1998-05-15,13874,32657.16,60.17309,33.15503
1998-05-16,14213,33168.08,61.26714,33.53485
1998-05-17,14408,33377.48,59.03925,32.60847
1998-05-18,14344, 33335.6,55.99578,32.51583
1998-05-19,14299,33503.11,56692,31.96001
1998-05-20,14410,33419.36,57.08984,32.05264
1998-05-21,14584, 33335.6,57.39816,31.76547
1998-05-22,14783,33754.39,59.47687,31.62651
1998-05-23,14811,33754.39,59.87471,31.22817
1998-05-24,14644,33419.36,58.18389,30.90394
1998-05-25,14322,32414.26,56.49308,29.36615
1998-05-26,14497,32833.05,60.67039,30.94099
1998-05-27,14788,33503.11,61.65504,30.94099
1998-05-28,15110, 34178.2,62.65958,32.60847
1998-05-29,15591,35555.18,62.95796,33.54433
1998-05-30,15916,35848.33,62.95796,33.54433
1998-05-31,15953,35552.67, 67.0358,34.11937
1998-06-01,15953,35552.67, 67.0358,34.11937
1998-06-02,16011,35345.78,66.15061, 34.4069
1998-06-03,16376,35932.09,65.14607,34.39731
1998-06-04,16772,37272.21,62.56012,36.03619
1998-06-05,17091,38528.58,63.65418,38.81558
1998-06-06,17091,38528.58,63.65418,38.81558
1998-06-07,16930,39363.65,63.45526,38.33637
1998-06-08,15851,37020.94,59.17849, 35.5474
1998-06-09,16245,36811.55,61.56552,35.46115
1998-06-10,16106,36685.91,63.64423,35.93077
1998-06-11,16309,36853.42,64.63883,36.03619
1998-06-12,17022,37608.08,69.12446,35.17362
1998-06-13,16572,36687.58,66.15061,33.44849
1998-06-14,16616,36015.85,64.54931, 32.7776
1998-06-15,17298,35680.82,62.65958,33.68809
1998-06-16,17657,36183.36,64.54931,35.36531
1998-06-17,18053,35764.57,63.65418,35.36531
1998-06-18,17903,35932.09,63.15688,34.79026
1998-06-19,17470,35680.82,62.14239,34.79026
1998-06-20,17176,35262.03,61.26714,34.30147
1998-06-21,17034,34843.24,60.77979,33.06512
1998-06-22,16971,34591.96,60.76985,32.82552
1998-06-23,16971,34591.96,60.76985,32.82552
1998-06-24,17105,35010.75,59.77525,32.49008
1998-06-25,17081,34927,59.97417,31.33999
1998-06-26,16734,34424.45,60.18303,30.57326
1998-06-27,16388,34173.18,60.27255,29.51901
1998-06-28,16522,34843.24,60.47147,29.99821
1998-06-29,16868, 35513.3,64.05201,29.80653
1998-06-30,17457,37020.94,67.61267,29.50942
1998-07-01,17932,37439.73,66.63796,29.42317
1998-07-02,18125,38026.03,65.13612,29.79695
1998-07-03,18685,38528.58,67.73202,31.33999
1998-07-04,18361,37691,68.67689,31.86711
1998-07-05,18603,36853.42,73.10284,32.58592
1998-07-06,18083,34843.24,71.61095,31.36874
1998-07-07,17819,34759.48,70.61635,29.90237
1998-07-08,17920,35848.33,70129, 30.1899
1998-07-09,18112,38109.79,71.80987,30.52534
1998-07-10,17979,37691,72.10825,30.09405
1998-07-11,17625,37230.33,71.11365,29.61485
1998-07-12,17699,37186.78,73.10284, 30.1899
1998-07-13,17489,37020.94,72.25744,29.59568
1998-07-14,17833,37273.05,72.60554,30.04613
1998-07-15,17775,38278.14,71.43192,29.43275
1998-07-16,17786,39283.24,72.21765,29.23149
1998-07-17,17542,38444.82,70.81527,28.75228
1998-07-18,17660,38528.58,70.61635, 27.8993
1998-07-19,17953,39616.59,69.22392,27.98555
1998-07-20,18015,38444.82,67.93094,26.73962
1998-07-21,18631,40455.01,69.62175,28.17724
1998-07-22,18282,41418.22,69.52229,28.08139
1998-07-23,18650,42875.61,71.61095, 28.5606
1998-07-24,18280,41627.62,69.62175,29.29857
1998-07-25,17594,40036.22,67.33418,28.88646
1998-07-26,17221,38947.37,65.34499,28.26349
1998-07-27,17381,39784.95,65.64337,28.76187
1998-07-28,17642,39701.19,66.63796,29.81612
1998-07-29,17511, 39282.4,64.62888, 30.1899
1998-07-30,17525,38109.79,64.64877,29.61485
1998-07-31,18342,38863.61,69.11451,30.41033
1998-08-01,18314,38955.74,68.62716,29.71069
1998-08-02,18331,38778.18,68.78629, 28.9823
1998-08-03,18674,46500,67.13526,29.47109
1998-08-04,18951,50000,68.62716,29.25065
1998-08-05,18337,47900,69.14435,29.61485
1998-08-06,18053,47701,69.17419,29.51901
1998-08-07,17646,46600,70.01959,29.24107
1998-08-08,17820,47200,69.92013,29.21232
1998-08-09,17245,46801,69.12446,27.90888
1998-08-10,16757,46550,67.75191,26.42335
1998-08-11,16714,48500,66.63796,26.44251
1998-08-12,17146,49200,67.13526,27.02714
1998-08-13,17513,49600,67.63256,28.17724
1998-08-14,16783,48400,65.55385,27.02714
1998-08-15,16539,47201,62.44077,26.56711
1998-08-16,16323,48200,63.65418,26.54794
1998-08-17,15500,47198,60.57093,25.49369
1998-08-18,14794,44590,57.58714,23.95065
1998-08-19,14815,42900, 57.1893,24.31964
1998-08-20,15408,42603,58.38281,24.31964
1998-08-21,14926,40700,56692,24.18235
1998-08-22,15203,40800,    61.5,25.10415
1998-08-23,14794,40000,    60.1,24.51577
1998-08-24,15400,43600,64,25.10415
1998-08-25,15446,43000,    64.5,25.20221
1998-08-26,15440,43000,    65.2,24.61383
1998-08-27,15537,43010,   66.99,26.96735
1998-08-28,15524,44100,    68.3,26.38877
1998-08-29,15108,43900,67,25.88865
1998-08-30,14969,44000,    67.4, 25.9573
1998-08-31,15217,43900,   68.45, 27.3596
1998-09-01,14890,43950,67,27.44785
1998-09-02,14581,43990,   67.35,26.10439
1998-09-03,14433,43200,   66.46,25.89846
1998-09-04,14498,42162,67,25.97691
1998-09-05,14458,42450,64, 25.4964
1998-09-06,15055,43200,66,27.06541
1998-09-07,15360,44600,66,27.75185
1998-09-08,14870,44151,    62.6,26.77122
1998-09-09,14626,44300,    62.8,26.31032
1998-09-10,14326,43300,    63.5,25.69253
1998-09-11,13891,42050,   60.75,24.73151
1998-09-12,13587,42330,59,24.51577
1998-09-13,14166,41800,    60.9, 25.4964
1998-09-14,14185,42500,    59.5,25.98671
1998-09-15,14542,42010,    58.1,27.06541
1998-09-16,14772,42400,    57.2,27.70282
1998-09-17,15248,42530,   56.49,28.83054
1998-09-18,14956,41900,    54.5,27.55572
1998-09-19,15450,43901,    55.4,27.45766
1998-09-20,16222,46503,   55.19, 27.3694
1998-09-21,16022,46499,    54.4,27.45766
1998-09-22,15946,48150,   53.45,27.45766
1998-09-23,16271,49998,    57.7,28.28139
1998-09-24,16398,50207,   57.65,28.69326
1998-09-25,16342,50200,    56.8,28.64422
1998-09-26,16096,49900,56,28.43829
1998-09-27,16354,50100,55,28.73248
1998-09-28,16366,49300,    54.7,28.43829
1998-09-29,16561,49100,    56.5, 29.8504
1998-09-30,16424,50499,    56.5,29.90924
1998-10-01,16850,50400,    58.5,32.16469
1998-10-02,16843,50900,    58.5,31.77244
1998-10-03,17254,51500,59,32.36081
1998-10-04,16977,51510,58,32.75307
1998-10-05,16744,51600,   56.66,31.38018
1998-10-06,16512,53200,   56.01,32.35101
1998-10-07,16842,54500,    56.3, 31.8705
1998-10-08,16407,53200,55,30.89968
1998-10-09,16727,54500,   53.98,    31.5
1998-10-10,17088,55750,   53.31,    32.1
1998-10-11,17279,57200,    55.2,   33.13
1998-10-12,17134,55800,   55.85,    33.9
1998-10-13,17348,55810,    56.8,    35.5
1998-10-14,17598,53650,    56.5,    35.4
1998-10-15,17471,53850,   54.49,    35.4
1998-10-16,16880,50710,    51.5,    33.9
1998-10-17,17053,49820,    50.2,   33.18
1998-10-18,16444,48450,47,    32.1
1998-10-19,16880,50000,    48.6,   32.78
1998-10-20,17387,49290,    48.8,   34.05
1998-10-21,17368,49000,50,    34.4
1998-10-22,16927,49400,    48.5,    33.1
1998-10-23,17203,52010,    47.5,    33.9
1998-10-24,17318,51700,    46.9,   34.98
1998-10-25,17385,50500,   49.78,   35.02
1998-10-26,17049,48450,    47.4,35
1998-10-27,17121,48860,48,   35.07
1998-10-28,16948,47990,    50.1,   34.98
1998-10-29,16485,46650,49,    33.4
1998-10-30,16454,46820,    50.3,   33.45
1998-10-31,16289,45360,    49.5,33
1998-11-01,16314,46310,    48.5,    32.2
1998-11-02,16720,46640,   46.89,    33.6
1998-11-03,16761,46000,   46.99,    33.1
1998-11-04,16995,47540,   48.35,33
1998-11-05,16884,45800,    48.9,    32.6
1998-11-06,16533,45140,48,    31.9
1998-11-07,16834,49900,   47.91,    32.5
1998-11-08,17395,49900,    49.7,   34.49
1998-11-09,17810,49700,    49.4,   35.31
1998-11-10,17744,50400,    48.1,    34.9
1998-11-11,17330,51400,    47.5,    33.8
1998-11-12,17702,53220,   49.99,    34.4
1998-11-13,17313,51800,   50.29,    33.7
1998-11-14,17083,50950,    50.5,   33.31
1998-11-15,17224,51500,    50.7,    34.4
1998-11-16,17450,52690,    52.1,   34.89
1998-11-17,17310,52500,    55.3,    34.2
1998-11-18,17642,53500,   58.04,   34.94
1998-11-19,17460,53010,    58.5,   34.02
1998-11-20,17354,54250,60,    33.4
1998-11-21,17414,56400,   61.89,   33.35
1998-11-22,17346,55100,    61.7,    32.6
1998-11-23,17577,55250,   61.45,   33.75
1998-11-24,17613,55160,59,   34.05
1998-11-25,17424,54810,   59.65,    33.3
1998-11-26,17589,56900,   60.59,   33.85
1998-11-27,17433,56500,   59.55,   33.85
1998-11-28,17287,57700,60,   33.89
1998-11-29,16882,56650,   56.97,    33.1
1998-11-30,16998,55190,   58.36,   33.69
1998-12-01,16768,53990,    57.6,   32.87
1998-12-02,16563,54300,55,32
1998-12-03,15913,52900,   50.78,    30.5
1998-12-04,16188,52620,53,   31.31
1998-12-05,16077,53510,   52.48,   30.75
1998-12-06,16146,52510,   53.19,32
1998-12-07,16353,51790,   54.19,32
1998-12-08,16318,52000,   54.81,   31.17
1998-12-09,16254,53210,   54.82,31
1998-12-10,15848,53150,    53.2,    30.7
1998-12-11,16013,52900,   53.91,   31.15
1998-12-12,15928,52700,54,   30.55
1998-12-13,15559,52360,    53.5,    29.7
1998-12-14,15633,52600,    57.1,   30.41
1998-12-15,15876,53000,   60.91,    31.4
1998-12-16,16362,53240,   61.02,   32.41
1998-12-17,15945,51800,   59.92,    31.3
1998-12-18,15855,51700,   58.59,   30.68
1998-12-19,15747,52850,    55.8,    30.3
1998-12-20,15526,53000,    58.8,30
1998-12-21,15385,53640,59,    29.8
1998-12-22,15241,51900,    58.7,    29.2
1998-12-23,14870,49500,    60.5,    29.2
1998-12-24,14420,50000,   57.22,   28.28
1998-12-25,14845,50900,    58.4,   28.71
1998-12-26,14529,50000,   56.48,   27.51
1998-12-27,13989,47950,    55.5,    26.3
1998-12-28,13799,45980,    54.1,   25.83
1998-12-29,13665,45800,   52.65,    25.9
1998-12-30,14223,48900,    59.5,   27.69
1998-12-31,14691,49370,    60.1,   28.49
1999-01-01,14891,50710,    61.3,   29.55
1999-01-02,14867,50610,   64.66,   28.98
1999-01-03,14791,51180,    63.5,    28.5
1999-01-04,14533,50100,    65.2,   27.79
1999-01-05,14800,51190,    66.2,   28.95
1999-01-06,14968,52200,    65.9,   28.65
1999-01-07,14656,51310,   62.39,   28.01
1999-01-08,14524,50000,   64.49,28
1999-01-09,14625,50310,   64.75,    29.7
1999-01-10,14371,50800,   64.51,29
1999-01-11,14540,51000,    61.9,    28.8
1999-01-12,14489,51800,   60.01,28
1999-01-13,14323,51900,    60.1,27
1999-01-14,14499,51610,    61.9,    27.7
1999-01-15,14783,52200,59,    28.2
1999-01-16,14576,52100,   56.31,    27.1
1999-01-17,14314,51000,   57.81,   27.05
1999-01-18,14335,50510,   61.42,    26.9
1999-01-19,14008,48760,   64.99,   25.72
1999-01-20,13913,48400,   65.52,26
1999-01-21,13787,48380,    68.1,    25.7
1999-01-22,13287,47500,    67.5,    25.2
1999-01-23,13437,47200,    69.3,   25.25
1999-01-24,13510,47100,69,    25.2
1999-01-25,14181,47790,    68.3,   26.29
1999-01-26,13945,44600,    67.2,    26.5
1999-01-27,14459,45190,   67.75,    28.3
1999-01-28,14982,45200,    66.4,    29.3
1999-01-29,15187,44950,   67.52,   28.51
1999-01-30,14906,44800,65,   27.92
1999-01-31,15290,47000,65,    28.5
1999-02-01,15259,47500,   64.84,   28.05
1999-02-02,14987,47290,   63.59,   28.05
1999-02-03,15082,46680,    62.2,29
1999-02-04,15336,46320,    62.6,    29.7
1999-02-05,14622,45410,   61.45,    28.5
1999-02-06,14505,44700,    60.5,    28.5
1999-02-07,14652,45000,    62.4,    28.2
1999-02-08,14794,44700,    61.4,    28.6
1999-02-09,15186,45200,    60.8,    28.9
